country ,year,unemployment_ rate 
Afghanistan,2018,11.2
Afghanistan,2019,11.19
Afghanistan,2020,11.71
Afghanistan,2021,11.99
Afghanistan,2022,14.1
Afghanistan,2023,13.99
Africa Eastern and Southern,2018,7.36
Africa Eastern and Southern,2019,7.58
Africa Eastern and Southern,2020,8.19
Africa Eastern and Southern,2021,8.58
Africa Eastern and Southern,2022,7.99
Africa Eastern and Southern,2023,7.81
Africa Western and Central,2018,4.32
Africa Western and Central,2019,4.4
Africa Western and Central,2020,4.85
Africa Western and Central,2021,4.74
Africa Western and Central,2022,3.66
Africa Western and Central,2023,3.28
Albania,2018,12.3
Albania,2019,11.47
Albania,2020,11.69
Albania,2021,11.47
Albania,2022,10.14
Albania,2023,10.11
Algeria,2018,12.14
Algeria,2019,12.26
Algeria,2020,14.06
Algeria,2021,13.63
Algeria,2022,12.35
Algeria,2023,11.7
Angola,2018,16.59
Angola,2019,16.5
Angola,2020,16.69
Angola,2021,15.8
Angola,2022,14.6
Angola,2023,14.54
Arab World,2018,10.66
Arab World,2019,10.22
Arab World,2020,11.33
Arab World,2021,10.89
Arab World,2022,9.95
Arab World,2023,9.58
Argentina,2018,9.22
Argentina,2019,9.84
Argentina,2020,11.46
Argentina,2021,8.74
Argentina,2022,6.81
Argentina,2023,6.14
Armenia,2018,18.97
Armenia,2019,18.3
Armenia,2020,18.18
Armenia,2021,15.47
Armenia,2022,13.38
Armenia,2023,13.25
Australia,2018,5.3
Australia,2019,5.16
Australia,2020,6.46
Australia,2021,5.12
Australia,2022,3.73
Australia,2023,3.67
Austria,2018,4.93
Austria,2019,4.56
Austria,2020,5.2
Austria,2021,6.46
Austria,2022,4.99
Austria,2023,5.26
Azerbaijan,2018,4.9
Azerbaijan,2019,5
Azerbaijan,2020,7.24
Azerbaijan,2021,6.04
Azerbaijan,2022,5.65
Azerbaijan,2023,5.64
"Bahamas, The",2018,10
"Bahamas, The",2019,9.34
"Bahamas, The",2020,12.03
"Bahamas, The",2021,11.03
"Bahamas, The",2022,9.27
"Bahamas, The",2023,8.64
Bahrain,2018,1.2
Bahrain,2019,1.22
Bahrain,2020,1.78
Bahrain,2021,1.54
Bahrain,2022,1.33
Bahrain,2023,1.15
Bangladesh,2018,4.41
Bangladesh,2019,4.44
Bangladesh,2020,5.44
Bangladesh,2021,5.33
Bangladesh,2022,4.59
Bangladesh,2023,4.45
Barbados,2018,8.32
Barbados,2019,8.41
Barbados,2020,9.78
Barbados,2021,9.43
Barbados,2022,8.37
Barbados,2023,7.88
Belarus,2018,4.76
Belarus,2019,4.17
Belarus,2020,4.05
Belarus,2021,3.9
Belarus,2022,3.57
Belarus,2023,3.46
Belgium,2018,5.94
Belgium,2019,5.36
Belgium,2020,5.55
Belgium,2021,6.25
Belgium,2022,5.57
Belgium,2023,5.53
Belize,2018,7.9
Belize,2019,9.05
Belize,2020,10.78
Belize,2021,10.32
Belize,2022,8.76
Belize,2023,8.27
Benin,2018,1.41
Benin,2019,1.21
Benin,2020,1.5
Benin,2021,1.78
Benin,2022,1.69
Benin,2023,1.66
Bhutan,2018,3.35
Bhutan,2019,2.72
Bhutan,2020,5.03
Bhutan,2021,4.8
Bhutan,2022,5.95
Bhutan,2023,3.13
Bolivia,2018,3.52
Bolivia,2019,3.68
Bolivia,2020,7.9
Bolivia,2021,5.09
Bolivia,2022,3.55
Bolivia,2023,3.02
Bosnia and Herzegovina,2018,18.4
Bosnia and Herzegovina,2019,15.69
Bosnia and Herzegovina,2020,15.87
Bosnia and Herzegovina,2021,14.9
Bosnia and Herzegovina,2022,12.66
Bosnia and Herzegovina,2023,10.67
Botswana,2018,19.68
Botswana,2019,20.09
Botswana,2020,21.02
Botswana,2021,23.11
Botswana,2022,23.62
Botswana,2023,23.38
Brazil,2018,12.33
Brazil,2019,11.94
Brazil,2020,13.7
Brazil,2021,13.16
Brazil,2022,9.23
Brazil,2023,7.95
Brunei Darussalam,2018,8.7
Brunei Darussalam,2019,6.6
Brunei Darussalam,2020,7.41
Brunei Darussalam,2021,4.91
Brunei Darussalam,2022,5.19
Brunei Darussalam,2023,5.18
Bulgaria,2018,5.21
Bulgaria,2019,4.23
Bulgaria,2020,5.13
Bulgaria,2021,5.27
Bulgaria,2022,4.27
Bulgaria,2023,4.32
Burkina Faso,2018,4.7
Burkina Faso,2019,4.71
Burkina Faso,2020,5.04
Burkina Faso,2021,5.2
Burkina Faso,2022,5.39
Burkina Faso,2023,5.35
Burundi,2018,1.15
Burundi,2019,1.04
Burundi,2020,1.03
Burundi,2021,1.12
Burundi,2022,0.92
Burundi,2023,0.92
Cabo Verde,2018,12.17
Cabo Verde,2019,12.13
Cabo Verde,2020,14.69
Cabo Verde,2021,13.98
Cabo Verde,2022,12.25
Cabo Verde,2023,11.97
Cambodia,2018,0.13
Cambodia,2019,0.12
Cambodia,2020,0.17
Cambodia,2021,0.4
Cambodia,2022,0.23
Cambodia,2023,0.23
Cameroon,2018,3.6
Cameroon,2019,3.62
Cameroon,2020,3.87
Cameroon,2021,3.97
Cameroon,2022,3.65
Cameroon,2023,3.61
Canada,2018,5.84
Canada,2019,5.69
Canada,2020,9.66
Canada,2021,7.53
Canada,2022,5.28
Canada,2023,5.42
Caribbean small states,2018,8.42
Caribbean small states,2019,8.16
Caribbean small states,2020,9.87
Caribbean small states,2021,9.54
Caribbean small states,2022,8.39
Caribbean small states,2023,7.82
Central African Republic,2018,5.52
Central African Republic,2019,5.61
Central African Republic,2020,6.2
Central African Republic,2021,6.38
Central African Republic,2022,5.96
Central African Republic,2023,5.88
Central Europe and the Baltics,2018,4.3
Central Europe and the Baltics,2019,3.77
Central Europe and the Baltics,2020,4.36
Central Europe and the Baltics,2021,4.46
Central Europe and the Baltics,2022,3.98
Central Europe and the Baltics,2023,4.01
Chad,2018,1.14
Chad,2019,1.08
Chad,2020,1.71
Chad,2021,1.55
Chad,2022,1.1
Chad,2023,1.07
Channel Islands,2018,6.57
Channel Islands,2019,6.41
Channel Islands,2020,6.86
Channel Islands,2021,6.88
Channel Islands,2022,6.15
Channel Islands,2023,6.19
Chile,2018,7.62
Chile,2019,7.49
Chile,2020,10.93
Chile,2021,9.28
Chile,2022,8.25
Chile,2023,9.01
China,2018,4.31
China,2019,4.56
China,2020,5
China,2021,4.55
China,2022,4.98
China,2023,4.67
Colombia,2018,9.36
Colombia,2019,10.28
Colombia,2020,15.98
Colombia,2021,13.9
Colombia,2022,10.55
Colombia,2023,9.59
Comoros,2018,3.94
Comoros,2019,3.93
Comoros,2020,4.47
Comoros,2021,4.39
Comoros,2022,3.82
Comoros,2023,3.78
"Congo, Dem. Rep.",2018,4.62
"Congo, Dem. Rep.",2019,4.59
"Congo, Dem. Rep.",2020,5.35
"Congo, Dem. Rep.",2021,5.28
"Congo, Dem. Rep.",2022,4.52
"Congo, Dem. Rep.",2023,4.48
"Congo, Rep.",2018,20.7
"Congo, Rep.",2019,20.39
"Congo, Rep.",2020,22.2
"Congo, Rep.",2021,21.96
"Congo, Rep.",2022,20.11
"Congo, Rep.",2023,19.9
Costa Rica,2018,9.01
Costa Rica,2019,10.81
Costa Rica,2020,16.43
Costa Rica,2021,15.14
Costa Rica,2022,11.33
Costa Rica,2023,8.33
Cote d'Ivoire,2018,2.85
Cote d'Ivoire,2019,2.4
Cote d'Ivoire,2020,2.58
Cote d'Ivoire,2021,2.63
Cote d'Ivoire,2022,2.31
Cote d'Ivoire,2023,2.27
Croatia,2018,8.43
Croatia,2019,6.62
Croatia,2020,7.51
Croatia,2021,7.61
Croatia,2022,6.96
Croatia,2023,6.09
Cuba,2018,1.7
Cuba,2019,1.71
Cuba,2020,2.24
Cuba,2021,2.12
Cuba,2022,1.82
Cuba,2023,1.72
Cyprus,2018,8.5
Cyprus,2019,7.16
Cyprus,2020,7.76
Cyprus,2021,7.51
Cyprus,2022,6.81
Cyprus,2023,6.1
Czechia,2018,2.25
Czechia,2019,2.02
Czechia,2020,2.55
Czechia,2021,2.8
Czechia,2022,2.22
Czechia,2023,2.58
Denmark,2018,5.13
Denmark,2019,5.02
Denmark,2020,5.64
Denmark,2021,5.04
Denmark,2022,4.43
Denmark,2023,5.09
Djibouti,2018,26.18
Djibouti,2019,26.26
Djibouti,2020,27.71
Djibouti,2021,27.67
Djibouti,2022,26.31
Djibouti,2023,26.15
Dominican Republic,2018,5.86
Dominican Republic,2019,6.36
Dominican Republic,2020,6.13
Dominican Republic,2021,7.7
Dominican Republic,2022,5.5
Dominican Republic,2023,5.56
Early-demographic dividend,2018,6.8
Early-demographic dividend,2019,6.33
Early-demographic dividend,2020,7.41
Early-demographic dividend,2021,6.79
Early-demographic dividend,2022,5.71
Early-demographic dividend,2023,5.26
East Asia & Pacific,2018,3.74
East Asia & Pacific,2019,3.81
East Asia & Pacific,2020,4.29
East Asia & Pacific,2021,4.05
East Asia & Pacific,2022,4.09
East Asia & Pacific,2023,3.86
East Asia & Pacific (excluding high income),2018,3.8
East Asia & Pacific (excluding high income),2019,3.89
East Asia & Pacific (excluding high income),2020,4.36
East Asia & Pacific (excluding high income),2021,4.12
East Asia & Pacific (excluding high income),2022,4.22
East Asia & Pacific (excluding high income),2023,3.97
East Asia & Pacific (IDA & IBRD countries),2018,3.82
East Asia & Pacific (IDA & IBRD countries),2019,3.91
East Asia & Pacific (IDA & IBRD countries),2020,4.38
East Asia & Pacific (IDA & IBRD countries),2021,4.14
East Asia & Pacific (IDA & IBRD countries),2022,4.25
East Asia & Pacific (IDA & IBRD countries),2023,3.99
Ecuador,2018,3.53
Ecuador,2019,3.81
Ecuador,2020,6.13
Ecuador,2021,4.55
Ecuador,2022,3.76
Ecuador,2023,3.51
"Egypt, Arab Rep.",2018,9.86
"Egypt, Arab Rep.",2019,7.85
"Egypt, Arab Rep.",2020,7.97
"Egypt, Arab Rep.",2021,7.44
"Egypt, Arab Rep.",2022,7.34
"Egypt, Arab Rep.",2023,7.33
El Salvador,2018,4.01
El Salvador,2019,4.17
El Salvador,2020,5.01
El Salvador,2021,4.33
El Salvador,2022,3
El Salvador,2023,2.99
Equatorial Guinea,2018,7.97
Equatorial Guinea,2019,8.06
Equatorial Guinea,2020,8.78
Equatorial Guinea,2021,8.98
Equatorial Guinea,2022,8.46
Equatorial Guinea,2023,8.37
Eritrea,2018,5.51
Eritrea,2019,5.55
Eritrea,2020,6.09
Eritrea,2021,6.18
Eritrea,2022,5.7
Eritrea,2023,5.59
Estonia,2018,5.41
Estonia,2019,4.51
Estonia,2020,6.96
Estonia,2021,6.18
Estonia,2022,5.57
Estonia,2023,6.38
Eswatini,2018,26.37
Eswatini,2019,28.14
Eswatini,2020,32.94
Eswatini,2021,34.15
Eswatini,2022,35.36
Eswatini,2023,35.09
Ethiopia,2018,2.8
Ethiopia,2019,2.92
Ethiopia,2020,3.99
Ethiopia,2021,3.94
Ethiopia,2022,3.41
Ethiopia,2023,3.4
Euro area,2018,8.16
Euro area,2019,7.52
Euro area,2020,7.83
Euro area,2021,7.72
Euro area,2022,6.75
Euro area,2023,6.56
Europe & Central Asia,2018,6.9
Europe & Central Asia,2019,6.65
Europe & Central Asia,2020,7.11
Europe & Central Asia,2021,6.91
Europe & Central Asia,2022,5.86
Europe & Central Asia,2023,5.59
Europe & Central Asia (excluding high income),2018,8.66
Europe & Central Asia (excluding high income),2019,9.16
Europe & Central Asia (excluding high income),2020,9.32
Europe & Central Asia (excluding high income),2021,9.01
Europe & Central Asia (excluding high income),2022,7.82
Europe & Central Asia (excluding high income),2023,7.33
Europe & Central Asia (IDA & IBRD countries),2018,6.69
Europe & Central Asia (IDA & IBRD countries),2019,6.74
Europe & Central Asia (IDA & IBRD countries),2020,7.24
Europe & Central Asia (IDA & IBRD countries),2021,6.83
Europe & Central Asia (IDA & IBRD countries),2022,5.69
Europe & Central Asia (IDA & IBRD countries),2023,5.16
European Union,2018,7.26
European Union,2019,6.69
European Union,2020,7.05
European Union,2021,7.01
European Union,2022,6.14
European Union,2023,6.03
Fiji,2018,4.34
Fiji,2019,4.37
Fiji,2020,4.65
Fiji,2021,4.7
Fiji,2022,4.45
Fiji,2023,4.32
Finland,2018,7.36
Finland,2019,6.7
Finland,2020,7.76
Finland,2021,7.62
Finland,2022,6.72
Finland,2023,7.15
Fragile and conflict affected situations,2018,5.83
Fragile and conflict affected situations,2019,5.88
Fragile and conflict affected situations,2020,6.65
Fragile and conflict affected situations,2021,6.78
Fragile and conflict affected situations,2022,5.61
Fragile and conflict affected situations,2023,5.2
France,2018,9.02
France,2019,8.42
France,2020,8.01
France,2021,7.87
France,2022,7.31
France,2023,7.34
French Polynesia,2018,11.57
French Polynesia,2019,11.57
French Polynesia,2020,12.95
French Polynesia,2021,12.53
French Polynesia,2022,11.89
French Polynesia,2023,11.75
Gabon,2018,20.44
Gabon,2019,20.36
Gabon,2020,21.27
Gabon,2021,21.22
Gabon,2022,20.4
Gabon,2023,20.28
"Gambia, The",2018,4.13
"Gambia, The",2019,4.54
"Gambia, The",2020,5.89
"Gambia, The",2021,6.27
"Gambia, The",2022,6.08
"Gambia, The",2023,6.48
Georgia,2018,12.67
Georgia,2019,11.57
Georgia,2020,11.73
Georgia,2021,11.79
Georgia,2022,11.65
Georgia,2023,11.54
Germany,2018,3.38
Germany,2019,3.16
Germany,2020,3.88
Germany,2021,3.59
Germany,2022,3.12
Germany,2023,3.07
Ghana,2018,3.25
Ghana,2019,3.16
Ghana,2020,3.31
Ghana,2021,3.38
Ghana,2022,3.08
Ghana,2023,3.06
Greece,2018,19.18
Greece,2019,17.05
Greece,2020,15.9
Greece,2021,14.66
Greece,2022,12.43
Greece,2023,11.07
Guam,2018,5.45
Guam,2019,5.4
Guam,2020,6.25
Guam,2021,5.99
Guam,2022,5.45
Guam,2023,5.36
Guatemala,2018,2.28
Guatemala,2019,2.19
Guatemala,2020,2.96
Guatemala,2021,2.17
Guatemala,2022,3.05
Guatemala,2023,2.34
Guinea,2018,4.79
Guinea,2019,5.02
Guinea,2020,6.02
Guinea,2021,5.83
Guinea,2022,5.27
Guinea,2023,5.24
Guinea-Bissau,2018,3.13
Guinea-Bissau,2019,2.41
Guinea-Bissau,2020,2.89
Guinea-Bissau,2021,3.03
Guinea-Bissau,2022,2.67
Guinea-Bissau,2023,2.65
Guyana,2018,13.63
Guyana,2019,13.17
Guyana,2020,15.33
Guyana,2021,14.56
Guyana,2022,12.01
Guyana,2023,12.03
Haiti,2018,13.88
Haiti,2019,14.06
Haiti,2020,15.55
Haiti,2021,15.28
Haiti,2022,14.64
Haiti,2023,14.56
Heavily indebted poor countries (HIPC),2018,4.35
Heavily indebted poor countries (HIPC),2019,4.36
Heavily indebted poor countries (HIPC),2020,5.08
Heavily indebted poor countries (HIPC),2021,4.99
Heavily indebted poor countries (HIPC),2022,4.45
Heavily indebted poor countries (HIPC),2023,4.23
High income,2018,5.08
High income,2019,4.76
High income,2020,6.46
High income,2021,5.56
High income,2022,4.5
High income,2023,4.34
Honduras,2018,5.65
Honduras,2019,5.7
Honduras,2020,10.98
Honduras,2021,8.51
Honduras,2022,8.77
Honduras,2023,6.07
"Hong Kong SAR, China",2018,2.81
"Hong Kong SAR, China",2019,2.92
"Hong Kong SAR, China",2020,5.81
"Hong Kong SAR, China",2021,5.17
"Hong Kong SAR, China",2022,4.32
"Hong Kong SAR, China",2023,2.95
Hungary,2018,3.71
Hungary,2019,3.42
Hungary,2020,4.25
Hungary,2021,4.05
Hungary,2022,3.61
Hungary,2023,4.11
IBRD only,2018,6.29
IBRD only,2019,6.08
IBRD only,2020,6.97
IBRD only,2021,6.34
IBRD only,2022,5.6
IBRD only,2023,5.16
Iceland,2018,2.7
Iceland,2019,3.51
Iceland,2020,5.48
Iceland,2021,6.03
Iceland,2022,3.79
Iceland,2023,3.52
IDA & IBRD total,2018,5.92
IDA & IBRD total,2019,5.78
IDA & IBRD total,2020,6.64
IDA & IBRD total,2021,6.17
IDA & IBRD total,2022,5.42
IDA & IBRD total,2023,5.04
IDA blend,2018,4.76
IDA blend,2019,5.08
IDA blend,2020,5.85
IDA blend,2021,5.83
IDA blend,2022,4.81
IDA blend,2023,4.42
IDA only,2018,4.61
IDA only,2019,4.62
IDA only,2020,5.42
IDA only,2021,5.52
IDA only,2022,4.89
IDA only,2023,4.75
IDA total,2018,4.66
IDA total,2019,4.78
IDA total,2020,5.58
IDA total,2021,5.63
IDA total,2022,4.86
IDA total,2023,4.63
India,2018,7.65
India,2019,6.51
India,2020,7.86
India,2021,6.38
India,2022,4.82
India,2023,4.17
Indonesia,2018,4.39
Indonesia,2019,3.59
Indonesia,2020,4.26
Indonesia,2021,3.83
Indonesia,2022,3.46
Indonesia,2023,3.31
"Iran, Islamic Rep.",2018,12.2
"Iran, Islamic Rep.",2019,10.74
"Iran, Islamic Rep.",2020,9.69
"Iran, Islamic Rep.",2021,9.28
"Iran, Islamic Rep.",2022,9.09
"Iran, Islamic Rep.",2023,9.04
Iraq,2018,13.49
Iraq,2019,14.11
Iraq,2020,15.78
Iraq,2021,16.17
Iraq,2022,15.51
Iraq,2023,15.45
Ireland,2018,5.74
Ireland,2019,4.95
Ireland,2020,5.62
Ireland,2021,6.36
Ireland,2022,4.5
Ireland,2023,4.29
Israel,2018,3.92
Israel,2019,3.73
Israel,2020,4.17
Israel,2021,4.81
Israel,2022,3.7
Israel,2023,3.6
Italy,2018,10.61
Italy,2019,9.95
Italy,2020,9.16
Italy,2021,9.5
Italy,2022,8.07
Italy,2023,7.63
Jamaica,2018,5.47
Jamaica,2019,4.99
Jamaica,2020,6.5
Jamaica,2021,5.19
Jamaica,2022,4.08
Jamaica,2023,4.4
Japan,2018,2.47
Japan,2019,2.35
Japan,2020,2.81
Japan,2021,2.83
Japan,2022,2.6
Japan,2023,2.6
Jordan,2018,18.26
Jordan,2019,16.8
Jordan,2020,19.21
Jordan,2021,19.84
Jordan,2022,18.2
Jordan,2023,17.97
Kazakhstan,2018,4.85
Kazakhstan,2019,4.8
Kazakhstan,2020,4.89
Kazakhstan,2021,5.55
Kazakhstan,2022,4.86
Kazakhstan,2023,4.82
Kenya,2018,4.28
Kenya,2019,5.01
Kenya,2020,5.62
Kenya,2021,5.69
Kenya,2022,5.71
Kenya,2023,5.57
"Korea, Dem. People's Rep.",2018,2.76
"Korea, Dem. People's Rep.",2019,2.78
"Korea, Dem. People's Rep.",2020,2.95
"Korea, Dem. People's Rep.",2021,3
"Korea, Dem. People's Rep.",2022,2.81
"Korea, Dem. People's Rep.",2023,2.83
"Korea, Rep.",2018,3.82
"Korea, Rep.",2019,3.75
"Korea, Rep.",2020,3.93
"Korea, Rep.",2021,3.64
"Korea, Rep.",2022,2.86
"Korea, Rep.",2023,2.68
Kuwait,2018,2.2
Kuwait,2019,2.25
Kuwait,2020,3.56
Kuwait,2021,3
Kuwait,2022,2.17
Kuwait,2023,2.13
Kyrgyz Republic,2018,3.67
Kyrgyz Republic,2019,4.3
Kyrgyz Republic,2020,4.63
Kyrgyz Republic,2021,4.1
Kyrgyz Republic,2022,4.04
Kyrgyz Republic,2023,3.99
Lao PDR,2018,2.9
Lao PDR,2019,2.54
Lao PDR,2020,2.36
Lao PDR,2021,2.07
Lao PDR,2022,1.21
Lao PDR,2023,1.19
Late-demographic dividend,2018,5.04
Late-demographic dividend,2019,5.19
Late-demographic dividend,2020,5.92
Late-demographic dividend,2021,5.5
Late-demographic dividend,2022,5.18
Late-demographic dividend,2023,4.81
Latin America & Caribbean,2018,7.93
Latin America & Caribbean,2019,8
Latin America & Caribbean,2020,10.21
Latin America & Caribbean,2021,9.16
Latin America & Caribbean,2022,6.92
Latin America & Caribbean,2023,6.21
Latin America & Caribbean (excluding high income),2018,8.06
Latin America & Caribbean (excluding high income),2019,8.09
Latin America & Caribbean (excluding high income),2020,10.22
Latin America & Caribbean (excluding high income),2021,9.18
Latin America & Caribbean (excluding high income),2022,6.86
Latin America & Caribbean (excluding high income),2023,6.1
Latin America & the Caribbean (IDA & IBRD countries),2018,8.03
Latin America & the Caribbean (IDA & IBRD countries),2019,8.1
Latin America & the Caribbean (IDA & IBRD countries),2020,10.35
Latin America & the Caribbean (IDA & IBRD countries),2021,9.27
Latin America & the Caribbean (IDA & IBRD countries),2022,7
Latin America & the Caribbean (IDA & IBRD countries),2023,6.28
Latvia,2018,7.41
Latvia,2019,6.31
Latvia,2020,8.1
Latvia,2021,7.51
Latvia,2022,6.82
Latvia,2023,6.47
Least developed countries: UN classification,2018,4.89
Least developed countries: UN classification,2019,4.89
Least developed countries: UN classification,2020,5.64
Least developed countries: UN classification,2021,5.75
Least developed countries: UN classification,2022,5.09
Least developed countries: UN classification,2023,4.95
Lebanon,2018,10.75
Lebanon,2019,11.3
Lebanon,2020,13.28
Lebanon,2021,12.67
Lebanon,2022,11.6
Lebanon,2023,11.54
Lesotho,2018,16.63
Lesotho,2019,16.88
Lesotho,2020,18.4
Lesotho,2021,18.23
Lesotho,2022,16.69
Lesotho,2023,16.46
Liberia,2018,3.06
Liberia,2019,3.07
Liberia,2020,4.11
Liberia,2021,3.85
Liberia,2022,2.98
Liberia,2023,2.93
Libya,2018,18.84
Libya,2019,19.05
Libya,2020,19.61
Libya,2021,19.64
Libya,2022,19.28
Libya,2023,18.75
Lithuania,2018,6.15
Lithuania,2019,6.26
Lithuania,2020,8.49
Lithuania,2021,7.11
Lithuania,2022,5.96
Lithuania,2023,6.84
Low & middle income,2018,6
Low & middle income,2019,5.86
Low & middle income,2020,6.69
Low & middle income,2021,6.23
Low & middle income,2022,5.48
Low & middle income,2023,5.09
Low income,2018,5.54
Low income,2019,5.53
Low income,2020,6.11
Low income,2021,6.15
Low income,2022,5.49
Low income,2023,5.3
Lower middle income,2018,6.12
Lower middle income,2019,5.63
Lower middle income,2020,6.67
Lower middle income,2021,6.02
Lower middle income,2022,4.86
Lower middle income,2023,4.41
Luxembourg,2018,5.59
Luxembourg,2019,5.59
Luxembourg,2020,6.77
Luxembourg,2021,5.57
Luxembourg,2022,4.59
Luxembourg,2023,5.18
"Macao SAR, China",2018,1.83
"Macao SAR, China",2019,1.75
"Macao SAR, China",2020,2.57
"Macao SAR, China",2021,2.23
"Macao SAR, China",2022,2.48
"Macao SAR, China",2023,2.24
Madagascar,2018,2.3
Madagascar,2019,2.47
Madagascar,2020,3.28
Madagascar,2021,3.49
Madagascar,2022,3.19
Madagascar,2023,3.07
Malawi,2018,5.01
Malawi,2019,4.97
Malawi,2020,5.73
Malawi,2021,5.66
Malawi,2022,5.04
Malawi,2023,5.03
Malaysia,2018,3.3
Malaysia,2019,3.26
Malaysia,2020,4.54
Malaysia,2021,4.64
Malaysia,2022,3.93
Malaysia,2023,3.87
Maldives,2018,4.95
Maldives,2019,4.56
Maldives,2020,5.43
Maldives,2021,5.02
Maldives,2022,4.42
Maldives,2023,4.24
Mali,2018,1.62
Mali,2019,3.29
Mali,2020,3.53
Mali,2021,3.97
Mali,2022,2.39
Mali,2023,2.96
Malta,2018,3.66
Malta,2019,3.62
Malta,2020,4.35
Malta,2021,3.39
Malta,2022,2.92
Malta,2023,3.11
Mauritania,2018,10.41
Mauritania,2019,10.42
Mauritania,2020,11.05
Mauritania,2021,11.14
Mauritania,2022,10.53
Mauritania,2023,10.45
Mauritius,2018,6.43
Mauritius,2019,6.33
Mauritius,2020,8.63
Mauritius,2021,7.72
Mauritius,2022,6.32
Mauritius,2023,5.57
Mexico,2018,3.28
Mexico,2019,3.48
Mexico,2020,4.44
Mexico,2021,4.02
Mexico,2022,3.26
Mexico,2023,2.77
"Middle East, North Africa, Afghanistan & Pakistan",2018,8.54
"Middle East, North Africa, Afghanistan & Pakistan",2019,8.33
"Middle East, North Africa, Afghanistan & Pakistan",2020,9.21
"Middle East, North Africa, Afghanistan & Pakistan",2021,9.03
"Middle East, North Africa, Afghanistan & Pakistan",2022,8.42
"Middle East, North Africa, Afghanistan & Pakistan",2023,8.08
"Middle East, North Africa, Afghanistan & Pakistan (excluding high income)",2018,9.29
"Middle East, North Africa, Afghanistan & Pakistan (excluding high income)",2019,9.07
"Middle East, North Africa, Afghanistan & Pakistan (excluding high income)",2020,9.85
"Middle East, North Africa, Afghanistan & Pakistan (excluding high income)",2021,9.72
"Middle East, North Africa, Afghanistan & Pakistan (excluding high income)",2022,9.15
"Middle East, North Africa, Afghanistan & Pakistan (excluding high income)",2023,8.92
"Middle East, North Africa, Afghanistan & Pakistan (IDA & IBRD)",2018,9.18
"Middle East, North Africa, Afghanistan & Pakistan (IDA & IBRD)",2019,8.97
"Middle East, North Africa, Afghanistan & Pakistan (IDA & IBRD)",2020,9.75
"Middle East, North Africa, Afghanistan & Pakistan (IDA & IBRD)",2021,9.61
"Middle East, North Africa, Afghanistan & Pakistan (IDA & IBRD)",2022,9.05
"Middle East, North Africa, Afghanistan & Pakistan (IDA & IBRD)",2023,8.92
Middle income,2018,6.03
Middle income,2019,5.89
Middle income,2020,6.74
Middle income,2021,6.23
Middle income,2022,5.48
Middle income,2023,5.07
Moldova,2018,1.2
Moldova,2019,1.47
Moldova,2020,1.19
Moldova,2021,0.79
Moldova,2022,0.9
Moldova,2023,1.56
Mongolia,2018,5.38
Mongolia,2019,9.27
Mongolia,2020,6.59
Mongolia,2021,7.75
Mongolia,2022,6.21
Mongolia,2023,5.5
Montenegro,2018,15.19
Montenegro,2019,15.13
Montenegro,2020,17.88
Montenegro,2021,16.54
Montenegro,2022,14.85
Montenegro,2023,14.62
Morocco,2018,9.27
Morocco,2019,9.19
Morocco,2020,11.22
Morocco,2021,10.58
Morocco,2022,9.49
Morocco,2023,9.04
Mozambique,2018,3.6
Mozambique,2019,3.65
Mozambique,2020,3.92
Mozambique,2021,4.05
Mozambique,2022,3.6
Mozambique,2023,3.52
Myanmar,2018,0.77
Myanmar,2019,0.41
Myanmar,2020,1.48
Myanmar,2021,4.34
Myanmar,2022,3.06
Myanmar,2023,3.03
Namibia,2018,19.88
Namibia,2019,19.92
Namibia,2020,21
Namibia,2021,20.92
Namibia,2022,19.7
Namibia,2023,19.37
Nepal,2018,10.56
Nepal,2019,10.39
Nepal,2020,12.98
Nepal,2021,12.19
Nepal,2022,10.84
Nepal,2023,10.63
Netherlands,2018,3.83
Netherlands,2019,3.38
Netherlands,2020,3.82
Netherlands,2021,4.21
Netherlands,2022,3.53
Netherlands,2023,3.54
New Caledonia,2018,11.7
New Caledonia,2019,10.88
New Caledonia,2020,13.56
New Caledonia,2021,11.54
New Caledonia,2022,10.71
New Caledonia,2023,10.94
New Zealand,2018,4.34
New Zealand,2019,4.11
New Zealand,2020,4.6
New Zealand,2021,3.78
New Zealand,2022,3.3
New Zealand,2023,3.73
Nicaragua,2018,5.2
Nicaragua,2019,5.47
Nicaragua,2020,6.2
Nicaragua,2021,6.12
Nicaragua,2022,4.96
Nicaragua,2023,4.72
Niger,2018,0.54
Niger,2019,0.53
Niger,2020,0.59
Niger,2021,0.78
Niger,2022,0.42
Niger,2023,0.43
Nigeria,2018,5.07
Nigeria,2019,5.21
Nigeria,2020,5.74
Nigeria,2021,5.45
Nigeria,2022,3.82
Nigeria,2023,3.07
North America,2018,4.11
North America,2019,3.89
North America,2020,8.23
North America,2021,5.59
North America,2022,3.83
North America,2023,3.84
North Macedonia,2018,21.21
North Macedonia,2019,17.41
North Macedonia,2020,16.58
North Macedonia,2021,15.8
North Macedonia,2022,14.48
North Macedonia,2023,13.17
Norway,2018,3.8
Norway,2019,3.68
Norway,2020,4.42
Norway,2021,4.36
Norway,2022,3.23
Norway,2023,3.57
OECD members,2018,5.48
OECD members,2019,5.39
OECD members,2020,7.15
OECD members,2021,6.19
OECD members,2022,4.99
OECD members,2023,4.83
Oman,2018,1.8
Oman,2019,2.04
Oman,2020,2.94
Oman,2021,1.9
Oman,2022,3.3
Oman,2023,3.18
Other small states,2018,8.76
Other small states,2019,8.33
Other small states,2020,9.92
Other small states,2021,9.44
Other small states,2022,8.79
Other small states,2023,8.43
Pacific island small states,2018,3.28
Pacific island small states,2019,3.21
Pacific island small states,2020,3.18
Pacific island small states,2021,3.18
Pacific island small states,2022,3.26
Pacific island small states,2023,3.18
Pakistan,2018,4.08
Pakistan,2019,4.83
Pakistan,2020,6.13
Pakistan,2021,6.34
Pakistan,2022,5.49
Pakistan,2023,5.41
Panama,2018,5.16
Panama,2019,6.26
Panama,2020,14.66
Panama,2021,10.18
Panama,2022,8.09
Panama,2023,6.54
Papua New Guinea,2018,2.64
Papua New Guinea,2019,2.63
Papua New Guinea,2020,2.88
Papua New Guinea,2021,3
Papua New Guinea,2022,2.69
Papua New Guinea,2023,2.66
Paraguay,2018,6.22
Paraguay,2019,6.6
Paraguay,2020,7.55
Paraguay,2021,7.31
Paraguay,2022,6.76
Paraguay,2023,5.79
Peru,2018,3.49
Peru,2019,3.38
Peru,2020,7.18
Peru,2021,5.1
Peru,2022,3.85
Peru,2023,4.9
Philippines,2018,2.34
Philippines,2019,2.24
Philippines,2020,2.52
Philippines,2021,3.4
Philippines,2022,2.6
Philippines,2023,2.22
Poland,2018,3.84
Poland,2019,3.27
Poland,2020,3.16
Poland,2021,3.27
Poland,2022,2.81
Poland,2023,2.74
Portugal,2018,6.99
Portugal,2019,6.46
Portugal,2020,6.8
Portugal,2021,6.58
Portugal,2022,6.01
Portugal,2023,6.51
Post-demographic dividend,2018,5.3
Post-demographic dividend,2019,4.94
Post-demographic dividend,2020,6.73
Post-demographic dividend,2021,5.8
Post-demographic dividend,2022,4.52
Post-demographic dividend,2023,4.47
Pre-demographic dividend,2018,5.35
Pre-demographic dividend,2019,5.42
Pre-demographic dividend,2020,5.96
Pre-demographic dividend,2021,5.82
Pre-demographic dividend,2022,5
Pre-demographic dividend,2023,4.7
Puerto Rico (US),2018,9.2
Puerto Rico (US),2019,8.3
Puerto Rico (US),2020,8.89
Puerto Rico (US),2021,7.9
Puerto Rico (US),2022,6
Puerto Rico (US),2023,5.73
Qatar,2018,0.11
Qatar,2019,0.1
Qatar,2020,0.14
Qatar,2021,0.14
Qatar,2022,0.13
Qatar,2023,0.13
Romania,2018,4.19
Romania,2019,3.91
Romania,2020,5.04
Romania,2021,5.59
Romania,2022,5.61
Romania,2023,5.59
Russian Federation,2018,4.87
Russian Federation,2019,4.51
Russian Federation,2020,5.62
Russian Federation,2021,4.75
Russian Federation,2022,3.87
Russian Federation,2023,3.08
Rwanda,2018,10.76
Rwanda,2019,11.24
Rwanda,2020,11.83
Rwanda,2021,15.78
Rwanda,2022,15.08
Rwanda,2023,12.35
Samoa,2018,8.64
Samoa,2019,7.84
Samoa,2020,7.44
Samoa,2021,6.61
Samoa,2022,5.05
Samoa,2023,4.98
Sao Tome and Principe,2018,8.71
Sao Tome and Principe,2019,8.83
Sao Tome and Principe,2020,9.69
Sao Tome and Principe,2021,9.6
Sao Tome and Principe,2022,8.99
Sao Tome and Principe,2023,9.07
Saudi Arabia,2018,6.03
Saudi Arabia,2019,5.64
Saudi Arabia,2020,7.66
Saudi Arabia,2021,6.62
Saudi Arabia,2022,5.59
Saudi Arabia,2023,4.01
Senegal,2018,3.46
Senegal,2019,2.86
Senegal,2020,3.44
Senegal,2021,3.44
Senegal,2022,2.84
Senegal,2023,2.8
Serbia,2018,12.73
Serbia,2019,10.4
Serbia,2020,9.01
Serbia,2021,9.84
Serbia,2022,8.44
Serbia,2023,8.27
Sierra Leone,2018,3.19
Sierra Leone,2019,3.2
Sierra Leone,2020,3.51
Sierra Leone,2021,3.56
Sierra Leone,2022,3.18
Sierra Leone,2023,3.15
Singapore,2018,3.61
Singapore,2019,3.1
Singapore,2020,4.1
Singapore,2021,4.64
Singapore,2022,3.59
Singapore,2023,3.44
Slovak Republic,2018,6.54
Slovak Republic,2019,5.76
Slovak Republic,2020,6.72
Slovak Republic,2021,6.89
Slovak Republic,2022,6.14
Slovak Republic,2023,5.84
Slovenia,2018,5.11
Slovenia,2019,4.45
Slovenia,2020,4.97
Slovenia,2021,4.74
Slovenia,2022,4.01
Slovenia,2023,3.65
Small states,2018,8.04
Small states,2019,7.69
Small states,2020,9.11
Small states,2021,8.72
Small states,2022,8.04
Small states,2023,7.67
Solomon Islands,2018,0.72
Solomon Islands,2019,0.74
Solomon Islands,2020,0.86
Solomon Islands,2021,0.88
Solomon Islands,2022,1.48
Solomon Islands,2023,1.46
Somalia,2018,18.74
Somalia,2019,18.83
Somalia,2020,19.41
Somalia,2021,19.66
Somalia,2022,19.05
Somalia,2023,18.94
South Africa,2018,26.91
South Africa,2019,28.47
South Africa,2020,29.22
South Africa,2021,34.01
South Africa,2022,33.27
South Africa,2023,32.1
South Asia,2018,7.28
South Asia,2019,6.3
South Asia,2020,7.61
South Asia,2021,6.31
South Asia,2022,4.87
South Asia,2023,4.31
South Asia (IDA & IBRD),2018,7.28
South Asia (IDA & IBRD),2019,6.3
South Asia (IDA & IBRD),2020,7.61
South Asia (IDA & IBRD),2021,6.31
South Asia (IDA & IBRD),2022,4.87
South Asia (IDA & IBRD),2023,4.31
South Sudan,2018,12.95
South Sudan,2019,12.71
South Sudan,2020,14.32
South Sudan,2021,14.03
South Sudan,2022,12.55
South Sudan,2023,12.48
Spain,2018,15.26
Spain,2019,14.1
Spain,2020,15.53
Spain,2021,14.78
Spain,2022,12.92
Spain,2023,12.18
Sri Lanka,2018,4.32
Sri Lanka,2019,4.67
Sri Lanka,2020,5.36
Sri Lanka,2021,4.98
Sri Lanka,2022,4.53
Sri Lanka,2023,6
St. Lucia,2018,19.33
St. Lucia,2019,15.61
St. Lucia,2020,25.22
St. Lucia,2021,20.51
St. Lucia,2022,15.93
St. Lucia,2023,11.09
St. Vincent and the Grenadines,2018,18.98
St. Vincent and the Grenadines,2019,19.24
St. Vincent and the Grenadines,2020,20.64
St. Vincent and the Grenadines,2021,20.34
St. Vincent and the Grenadines,2022,19.42
St. Vincent and the Grenadines,2023,18.57
Sub-Saharan Africa,2018,6.11
Sub-Saharan Africa,2019,6.27
Sub-Saharan Africa,2020,6.8
Sub-Saharan Africa,2021,6.99
Sub-Saharan Africa,2022,6.2
Sub-Saharan Africa,2023,5.89
Sub-Saharan Africa (excluding high income),2018,6.51
Sub-Saharan Africa (excluding high income),2019,6.67
Sub-Saharan Africa (excluding high income),2020,7.14
Sub-Saharan Africa (excluding high income),2021,7.34
Sub-Saharan Africa (excluding high income),2022,6.52
Sub-Saharan Africa (excluding high income),2023,6.18
Sub-Saharan Africa (IDA & IBRD countries),2018,6.11
Sub-Saharan Africa (IDA & IBRD countries),2019,6.27
Sub-Saharan Africa (IDA & IBRD countries),2020,6.8
Sub-Saharan Africa (IDA & IBRD countries),2021,6.99
Sub-Saharan Africa (IDA & IBRD countries),2022,6.2
Sub-Saharan Africa (IDA & IBRD countries),2023,5.89
Sudan,2018,12.3
Sudan,2019,11.66
Sudan,2020,11.96
Sudan,2021,11.04
Sudan,2022,7.53
Suriname,2018,7.69
Suriname,2019,7.56
Suriname,2020,8.76
Suriname,2021,8.49
Suriname,2022,8.16
Suriname,2023,7.63
Sweden,2018,6.37
Sweden,2019,6.83
Sweden,2020,8.29
Sweden,2021,8.72
Sweden,2022,7.39
Sweden,2023,7.61
Switzerland,2018,4.71
Switzerland,2019,4.39
Switzerland,2020,4.82
Switzerland,2021,5.01
Switzerland,2022,4.12
Switzerland,2023,4.04
Syrian Arab Republic,2018,13.5
Syrian Arab Republic,2019,13.36
Syrian Arab Republic,2020,15.19
Syrian Arab Republic,2021,14.88
Syrian Arab Republic,2022,13.27
Syrian Arab Republic,2023,13.19
Tajikistan,2018,11.44
Tajikistan,2019,11.42
Tajikistan,2020,12.32
Tajikistan,2021,12.33
Tajikistan,2022,11.63
Tajikistan,2023,11.55
Tanzania,2018,2.39
Tanzania,2019,2.5
Tanzania,2020,2.78
Tanzania,2021,2.82
Tanzania,2022,2.59
Tanzania,2023,2.58
Thailand,2018,0.77
Thailand,2019,0.72
Thailand,2020,1.1
Thailand,2021,1.22
Thailand,2022,0.94
Thailand,2023,0.73
Timor-Leste,2018,3.78
Timor-Leste,2019,3.1
Timor-Leste,2020,2.78
Timor-Leste,2021,2.34
Timor-Leste,2022,1.54
Timor-Leste,2023,1.52
Togo,2018,2.9
Togo,2019,2.04
Togo,2020,2.23
Togo,2021,2.33
Togo,2022,1.97
Togo,2023,1.95
Tonga,2018,2.25
Tonga,2019,2.16
Tonga,2020,2.7
Tonga,2021,2.11
Tonga,2022,2.3
Tonga,2023,2.26
Trinidad and Tobago,2018,3.5
Trinidad and Tobago,2019,3.52
Trinidad and Tobago,2020,4.21
Trinidad and Tobago,2021,4.45
Trinidad and Tobago,2022,4.38
Trinidad and Tobago,2023,4.21
Tunisia,2018,15.46
Tunisia,2019,17.15
Tunisia,2020,17.66
Tunisia,2021,16.61
Tunisia,2022,15.3
Tunisia,2023,15.11
Turkiye,2018,10.96
Turkiye,2019,13.73
Turkiye,2020,13.15
Turkiye,2021,11.97
Turkiye,2022,10.47
Turkiye,2023,9.39
Turkmenistan,2018,4.04
Turkmenistan,2019,4.04
Turkmenistan,2020,4.5
Turkmenistan,2021,4.46
Turkmenistan,2022,4.11
Turkmenistan,2023,4.1
Uganda,2018,3.25
Uganda,2019,3.06
Uganda,2020,3.83
Uganda,2021,3.42
Uganda,2022,2.89
Uganda,2023,2.79
Ukraine,2018,8.8
Ukraine,2019,8.19
Ukraine,2020,9.48
Ukraine,2021,9.83
United Arab Emirates,2018,2.24
United Arab Emirates,2019,2.33
United Arab Emirates,2020,4.29
United Arab Emirates,2021,3.11
United Arab Emirates,2022,2.87
United Arab Emirates,2023,2.15
United Kingdom,2018,4.12
United Kingdom,2019,3.61
United Kingdom,2020,4.47
United Kingdom,2021,4.83
United Kingdom,2022,3.73
United Kingdom,2023,3.98
United States,2018,3.9
United States,2019,3.67
United States,2020,8.06
United States,2021,5.35
United States,2022,3.65
United States,2023,3.64
Upper middle income,2018,5.96
Upper middle income,2019,6.09
Upper middle income,2020,6.79
Upper middle income,2021,6.41
Upper middle income,2022,6.04
Upper middle income,2023,5.66
Uruguay,2018,8.34
Uruguay,2019,8.84
Uruguay,2020,10.41
Uruguay,2021,9.33
Uruguay,2022,7.88
Uruguay,2023,8.36
Uzbekistan,2018,5.39
Uzbekistan,2019,4.93
Uzbekistan,2020,5.29
Uzbekistan,2021,5.36
Uzbekistan,2022,4.49
Uzbekistan,2023,4.46
Vanuatu,2018,5.33
Vanuatu,2019,5.44
Vanuatu,2020,4.05
Vanuatu,2021,4.77
Vanuatu,2022,5.14
Vanuatu,2023,5.08
"Venezuela, RB",2018,5.46
"Venezuela, RB",2019,5.88
"Venezuela, RB",2020,7.53
"Venezuela, RB",2021,7.04
"Venezuela, RB",2022,5.71
"Venezuela, RB",2023,5.49
Viet Nam,2018,1.16
Viet Nam,2019,1.68
Viet Nam,2020,2.1
Viet Nam,2021,2.39
Viet Nam,2022,1.52
Viet Nam,2023,1.65
Virgin Islands (U.S.),2018,12.41
Virgin Islands (U.S.),2019,12.55
Virgin Islands (U.S.),2020,15.19
Virgin Islands (U.S.),2021,14.27
Virgin Islands (U.S.),2022,13.01
Virgin Islands (U.S.),2023,12.32
West Bank and Gaza,2018,26.26
West Bank and Gaza,2019,25.34
West Bank and Gaza,2020,25.9
West Bank and Gaza,2021,26.39
West Bank and Gaza,2022,24.42
World,2018,5.77
World,2019,5.6
World,2020,6.61
World,2021,6.06
World,2022,5.26
World,2023,4.92
"Yemen, Rep.",2018,17.58
"Yemen, Rep.",2019,17.2
"Yemen, Rep.",2020,17.95
"Yemen, Rep.",2021,18.29
"Yemen, Rep.",2022,17.36
"Yemen, Rep.",2023,17.09
Zambia,2018,5.03
Zambia,2019,5.54
Zambia,2020,6.03
Zambia,2021,5.2
Zambia,2022,6
Zambia,2023,5.91
Zimbabwe,2018,6.79
Zimbabwe,2019,7.37
Zimbabwe,2020,8.62
Zimbabwe,2021,9.54
Zimbabwe,2022,10.09
Zimbabwe,2023,8.76
